algorithm,n_stops,total_dist_km,n_vehicles,solve_time_s,tw_violations
naive,50,1042.0114248424845,5,0.0,
clarke-wright,50,498.3549308601509,7,0.0019986629486083984,
ortools-cvrp,50,394.0807506586805,5,30.01253914833069,
ortools-cvrptw,50,503.0129190318527,5,30.00172519683838,0.0
