algorithm,n_stops,total_dist_km,n_vehicles,solve_time_s,tw_violations
naive,50,1042.0114248424845,5,0.0,
clarke-wright,50,498.3549308601509,7,0.002074718475341797,
ortools-cvrp,50,0.0,5,32.02372097969055,
ortools-cvrptw,50,0.0,5,32.07091569900513,0.0
