{
  "node_ids": [
    2540333557,
    13089056782,
    1226726473,
    6270784283,
    1425191660,
    10864518719,
    8813838774,
    10763899767,
    6371769350,
    4357817943,
    1397431368,
    10836741314,
    1221344912,
    6573670928,
    8563090676,
    279246026,
    8798208995,
    6273551645,
    6243370481,
    1401468691
  ],
  "matrix": [
    [
      0.0,
      9.850554,
      16.319525,
      21.122064,
      22.418621,
      21.246195,
      14.549671,
      35.973219,
      25.13612,
      24.745703,
      17.624056,
      16.432126,
      3.697859,
      18.687792,
      25.704007,
      4.606912,
      15.225686,
      12.916467,
      14.994894,
      12.535489
    ],
    [
      7.941268,
      0.0,
      12.497186,
      16.889538,
      25.6949,
      24.522474,
      10.317145,
      39.249498,
      28.412399,
      17.887709,
      20.900335,
      19.708405,
      5.804717,
      21.964071,
      28.980286,
      7.883191,
      8.367693,
      15.76068,
      17.83675,
      15.801712
    ],
    [
      16.359368,
      11.432995,
      0.0,
      11.136158,
      31.582127,
      30.409701,
      10.638816,
      45.136725,
      34.299626,
      21.819767,
      26.787562,
      25.595632,
      14.661946,
      27.851298,
      34.867513,
      13.770418,
      15.643486,
      17.481857,
      19.367135,
      24.658941
    ],
    [
      21.231214,
      15.865713,
      11.136158,
      0.0,
      38.984847,
      37.81242,
      8.454486,
      51.779276,
      41.702346,
      22.5777,
      34.190282,
      32.998351,
      19.094664,
      35.254017,
      42.270232,
      21.173138,
      18.032236,
      28.428987,
      28.722046,
      29.091659
    ],
    [
      22.441284,
      27.585808,
      31.513809,
      38.857318,
      0.0,
      22.216337,
      32.284925,
      34.579828,
      26.106262,
      42.480957,
      13.715543,
      14.302738,
      22.541918,
      14.779279,
      21.795494,
      17.811709,
      32.96094,
      23.134922,
      26.00047,
      22.641093
    ],
    [
      21.268858,
      26.413382,
      30.341383,
      37.684892,
      22.216337,
      0.0,
      31.112499,
      21.900421,
      7.518563,
      41.30853,
      11.201722,
      12.972616,
      21.369492,
      10.895949,
      8.182433,
      16.639283,
      31.788514,
      21.962496,
      24.562596,
      21.468667
    ],
    [
      14.658821,
      9.29332,
      10.676074,
      8.454486,
      32.412454,
      31.240028,
      0.0,
      45.967052,
      35.129953,
      16.005308,
      27.617889,
      26.425959,
      12.522271,
      28.681625,
      35.69784,
      14.600745,
      11.459843,
      22.478234,
      24.554304,
      22.519266
    ],
    [
      35.995882,
      41.140406,
      45.068407,
      51.779276,
      34.590294,
      21.900421,
      45.839523,
      0.0,
      14.926217,
      56.035555,
      22.542714,
      29.851864,
      36.096516,
      23.792857,
      16.090028,
      31.366307,
      46.515538,
      31.658779,
      31.903674,
      36.195691
    ],
    [
      25.158783,
      30.303307,
      34.231308,
      41.574817,
      26.106262,
      7.518563,
      35.002424,
      14.926217,
      0.0,
      45.198456,
      13.946718,
      16.862541,
      25.259417,
      13.640944,
      10.868065,
      20.529208,
      35.678439,
      21.33341,
      21.578304,
      25.358592
    ],
    [
      24.67398,
      18.545501,
      21.831834,
      22.59807,
      42.427612,
      41.255186,
      16.025677,
      55.98221,
      45.145111,
      0.0,
      37.633047,
      36.441117,
      22.537429,
      38.696783,
      45.712998,
      24.615903,
      11.191728,
      32.493392,
      34.569462,
      32.534424
    ],
    [
      17.657185,
      22.801709,
      26.72971,
      34.073219,
      13.726009,
      11.201722,
      27.500826,
      22.542714,
      13.946718,
      37.696858,
      0.0,
      8.987579,
      17.757819,
      1.250144,
      9.75838,
      13.02761,
      28.176841,
      18.350823,
      21.216371,
      17.856994
    ],
    [
      16.389324,
      21.533847,
      25.461849,
      32.805357,
      14.302738,
      12.907151,
      26.232965,
      29.841398,
      16.797076,
      36.428996,
      8.977114,
      0.0,
      16.489957,
      8.724273,
      17.057064,
      11.759748,
      26.908979,
      17.082962,
      19.94851,
      16.589133
    ],
    [
      3.587947,
      6.6944,
      13.552184,
      17.96591,
      21.34158,
      20.169153,
      11.393517,
      34.896178,
      24.059079,
      21.589549,
      16.547015,
      15.355084,
      0.0,
      17.610751,
      24.626966,
      3.529871,
      12.069532,
      11.40736,
      13.483429,
      11.909482
    ],
    [
      18.720921,
      23.865445,
      27.793446,
      35.136955,
      14.789745,
      10.895949,
      28.564562,
      23.792857,
      13.640944,
      38.760593,
      1.250144,
      8.724273,
      18.821555,
      0.0,
      9.585219,
      14.091346,
      29.240577,
      19.414559,
      22.280107,
      18.92073
    ],
    [
      25.737136,
      30.88166,
      34.809661,
      42.15317,
      21.80596,
      8.182433,
      35.580777,
      16.090028,
      10.868065,
      45.776809,
      9.75838,
      17.06753,
      25.83777,
      9.585219,
      0.0,
      21.107561,
      36.256792,
      26.430774,
      29.296322,
      25.936945
    ],
    [
      4.629575,
      9.774099,
      13.702101,
      21.045609,
      17.811709,
      16.639283,
      14.473217,
      31.366307,
      20.529208,
      24.669248,
      13.017144,
      11.825214,
      4.730209,
      14.08088,
      21.097095,
      0.0,
      15.149231,
      8.309554,
      11.175102,
      13.735906
    ],
    [
      15.153963,
      9.025484,
      15.708688,
      18.032415,
      32.907596,
      31.735169,
      11.460023,
      46.462193,
      35.625095,
      11.191728,
      28.113031,
      26.9211,
      13.017413,
      29.176766,
      36.192982,
      15.095887,
      0.0,
      22.973375,
      25.049445,
      23.014408
    ],
    [
      12.187407,
      17.33193,
      17.305179,
      28.252309,
      23.134922,
      21.962496,
      22.031048,
      31.71745,
      21.39208,
      32.227079,
      18.340357,
      17.148427,
      12.28804,
      19.404093,
      26.420308,
      8.309554,
      22.707062,
      0.0,
      4.161038,
      19.059119
    ],
    [
      14.263477,
      19.408,
      19.378971,
      28.722046,
      26.00047,
      24.562596,
      24.107118,
      31.903674,
      21.578304,
      34.303149,
      21.205906,
      20.013975,
      14.36411,
      22.269641,
      29.285856,
      11.175102,
      24.783132,
      4.161038,
      0.0,
      21.924667
    ],
    [
      12.535489,
      17.660616,
      24.539774,
      28.932126,
      22.641093,
      21.468667,
      22.359733,
      36.195691,
      25.358592,
      32.555764,
      17.846528,
      16.654598,
      11.376841,
      18.910264,
      25.926479,
      13.735906,
      23.035748,
      19.059119,
      21.924667,
      0.0
    ]
  ],
  "weight": "composite_weight",
  "description": "20\u00d720 sample distance matrix (minutes) for GiraXpress integration verification"
}