n,held_karp_cost,held_karp_time,two_opt_cost,two_opt_time_s,two_opt_gap_pct,ortools_cost,ortools_time_s,ortools_gap_pct
15,177.81735531809795,0.29784537499654107,177.81735531809795,0.0002009579911828041,0.0,177.81735531809795,30.002694750000956,"[None, np.float64(0.0)]"
20,260.22125226744186,17.605064500006847,262.3928523698592,0.000447750004241243,0.8345206563626479,260.22125226744186,30.002331958996365,0.0
30,,,325.84816841599206,0.0012703750107903033,,323.7347654387943,30.00661612499971,
50,,,420.65500446650015,0.004225584008963779,,405.2646965956565,30.002694750000956,
