n,held_karp_cost,held_karp_time,two_opt_cost,two_opt_time_s,two_opt_gap_pct,ortools_cost,ortools_time_s,ortools_gap_pct
15,177.81735531809795,0.34158429197850637,177.81735531809795,0.00019854199490509927,0.0,177.81735531809795,30.002565583010437,"[None, np.float64(0.0)]"
20,211.17346228833958,18.151308833999792,211.17346228833958,0.00045841600513085723,0.0,211.17346228833958,30.0019255829975,0.0
30,,,273.1321473369008,0.001073249994078651,,269.9100242600407,30.00234958299552,
50,,,411.2699015952922,0.003598874987801537,,399.7382855385221,30.002565583010437,
